MALDIEIATYR,1,13
TTGIVMDSGDGVTHTVPIYEGYALPHAILR,3,55
IWHHTFYNELR,12,0
TFNTTGIVMDSGDGVTHTVPIYEGYALPHAILR,1,0
IWHHTFYNELR,1,0
FNTTGIVMDSGDGVTHTVPIYEGYALPHAILR,1,0
THTVPIYEGYALPHAILR,2,0
RTTGIVMDSGDGVTHTVPIYEGYALPHAILR,1,0
SGRTTGIVMDSGDGVTHTVPIYEGYALPHAILR,1,0
SGRTTGIVMDSGDGVTHTVPIYEGYALPHAILR,1,0
SGRTTGIVMDSGDGVTHTVPIYEGYALPHAILR,1,0
LSSLIILMPHHVEPLER,3,4
LFYADHPFIFLVR,1,1
TAPVQAPPAPVIVTETPEPAMTSGVYRPPGAR,1,0
RDHFEEAMR,4,0
RDHFEEAMR,3,0
NVFIIGATNRPDIIDPAILRPGR,2,0
TGTITTFEHAHNMR,2,12
SNTGGQAFPQCVFDHWQILPGDPFDNSSRPSQVVAETR,12,18
FDVHDVTLHADAIHR,10,6
TGTITTFEHAHNMR,1,12
VTDGALVVVDCVSGVCVQTETVLR,1,16
SNTGGQAFPQCVFDHWQILPGDPFDNSSRPSQVVAETR,1,18
PFDNSSRPSQVVAETR,1,0
FMSVQRPGPYDRPGTAR,1,0
AAGAAEAAVAAVEEVGSAGQFEELLR,2,0
AAGAAEAAVAAVEEVGSAGQFEELLR,1,0
IFRKNGVQAMVEFDSVQSAQR,1,0
VLKFTLDCTHPVEDGIMDAANFEQFLQER,1,0
LHFFMPGFAPLTSR,3,0
LHFFMPGFAPLTSR,4,0
LHFFMPGFAPLTSR,1,0
PTGTYHGDSDLQLER,1,0
YHTINGHNAEVR,2,11
RGFGDGYNGYGGGPGGGNFGGSPGYGGGR,1,0
ARIEIESFFEGEDFSETLTR,2,0
PTGTYHGDSDLQLDR,1,0
MFWEVISDEHGIDPTGTYHGDSDLQLDR,1,0
HFLLEEDKPEEPTAHAFVSTLTR,1,3
TFGGAPGFPLGSPLSSPVFPR,1,4
HLEINPDHPIVETLR,2,8
HNDDEQYAWESSAGGSFTVR,2,29
LGIHEDSTNRR,1,3
IRCKDDEFTHLYTLIVRPDNTYEVK,1,0
YHTVNGHNCEVR,2,10
YHTVNGHNCEVR,1,10
SHFEQWGTLTDCVVMR,1,20
FDGALNVDLTEFQTNLVPYPR,1,2
LISQIVSSITASLR,1,8
RAFVHWYVGEGMEEGEFSEAR,1,0
VQRAVCMLSNTTAIAEAWAR,1,0
PGGDLAKVQRAVCMLSNTTAIAEAWAR,1,0
LHFFMPGFAPLTAR,1,0
LINRPIIVFR,2,2
NASCYFDIEWR,1,2
RECISIHVGQAGVQIGNACWELYCLEHGIQPDGQMPSDK,1,0
FHDFLGDSWGILFSHPR,5,0
ANTTVGRIRFHDFLGDSWGILFSHPR,1,0
RDYLHYIR,1,0
NIDDGTSDRPYSHALVAGIDRYPR,1,3
VNPTVFFDIAVDGEPLGR,1,2
MVNPTVFFDIAVDGEPLGR,2,0
MVNPTVFFDIAVDGEPLGR,1,0
QLLGFADAAAEENRVLLAMVNPTVFFDIAVDGEPLGR,1,0
VNPTVFFDIAVDGEPLGR,1,2
TEVKSVEMHHEALSEALPGDNVGFNVK,1,0
FLKSGDAAIVDMVPGKPMCVESFSDYPPLGR,1,0
IHQIGPGMVQQIQSVCMECQGHGER,2,0
HYNGEAYEDDEHHPR,2,0
HYNGEAYEDDEHHPR,5,0
IHQIGPGMVQQIQSVCMECQGHGER,1,0
RYVQPPEMIGPMRPEQFSDEVEPATPEEGEPATQR,1,0
RYVQPPEMIGPMRPEQFSDEVEPATPEEGEPATQR,1,0
QTQTFTTYSDNQPGVLIQVYEGER,1,3
HWPFMVVNDAGR,2,6
HWPFMVVNDAGRPK,1,0
FFHLAFEEEFGR,1,0
FENAFLSHVVSQHQALLGTIR,1,3
LNFSHGTHEYHAETIK,2,0
EAEAAIYHLQLFEELRR,1,16
RPQYSNPPVQGEVMEGADNQGAGEQGRPVR,1,3
GIDVQQVSLVINYDLPTNR,1,8
FHPIQGHR,1,0
HGYIGEFEIIDDHR,2,3
QFGFIVLTTSAGIMDHEEAR,1,5
QFGFIVLTTSAGIMDHEEAR,1,5
RGSGNFGGGRGDGFGGNDNFGR,1,0
HHNQSTAINLNNPESQSMHLETR,1,0
RGLDDDRGPR,3,0
RGMDDDRGPR,2,0
RGAEDDRGPWR,2,0
HLEINPDHSIIETLR,1,7
CGSRPPPGFPGLETMLPLLLTAVSEGR,1,0
VCHAHPTLSEAFR,2,0
PYVQPPEMIGPMRPEQFSDEVEPATPEEGEPATQR,1,0
GAHSVGLMWWMLAR,1,0
RNDFQLIGIQDGYLSLLQDSGEVR,1,3
CLQILAAGLFLPGSVGITDPCESGNFR,1,0
THPVHPELVSGTFLCLDCQTVIR,1,0
GGFGGGSGFGGGSGFGGGSGFSGGGFGGGGFGGGR,1,0
IPIFSAAGLPHNEIAAQICR,2,3
SPYGGGRPGR,1,1
HWILPQDYDHAQAEAR,3,3
RREEEMMIR,1,0
HGSLGFLPR,1,1
TLHPAVHAGILAR,2,0
RECPSDECGAGVFMASHFDR,3,2
PPGMAGVENEDEAELNLR,1,0
HEHQVMLMR,2,0
HEHQVMLMR,4,0
HEHQVMLMR,2,0
HEEAPGHRPTTNPNASK,1,0
THHNDTELIR,2,0
ITAHLVHELR,1,0
CLAAALIVLTESGR,1,0
CLAAALIVLTESGR,1,0
HLAGELGYQPEHIDSFTHEACPVR,4,0
FAELVYTGFWHSPECEFVR,1,2
RLAENFCVCHLATGDMLR,1,0
RVAGEPAADGTVLCPCCQAPTRPQALSTNLQLAR,1,0
HSGNITFDEIVNIAR,2,3
HTENTFSRPGGR,1,0
RGEEGHDPKEPEQLR,2,0
EHPAHER,1,0
HYFQNTQGLIFVVDSNDRER,5,4
IRPLWR,1,0
HVMTNLGEKLTDEEVDEMIR,3,0
HVMTNLGEKLTDEEVDEMIR,1,0
VLSAPPHFHFGQTNR,5,0
MGIMNSFVNDIFER,1,0
CLPFFNDRPWR,1,0
HTNYTMEHIR,1,2
HTNYTMEHIR,2,2
TVLCGTCGQPADKASASGSGAQVGGPISSGSSASSVTVTR,1,0
VALTGLTVAEYFR,1,1
LHFIFR,2,0
AKVDEFPLCGHMVSDEYEQLSSEALEAAR,1,0
EHVIEALRR,1,3
EHHFGSSGMTLHER,1,0
NHPRVYQNR,2,0
LGLHSLR,1,4
RTPGAATASASGAAEDGACGCLPNPGTFEECHR,2,0
LRPEREPR,2,0
HQEHILR,1,0
RGGGGSFGYSYGGGSGGGFSASSLGGGFGGGSR,1,0
TMLITHMQDLQEVTQDLHYENFR,1,7
YLHDESGLNRR,2,3
YGAHNYHPLPVALER,2,0
HQVLFIADEIQTGLAR,2,3
LRECLPLIIFLR,1,0
NLPLPPPPPPR,4,0
HFGMLR,2,0
HFGMIR,1,0
FHDFDHR,1,0
RDWGDHGR,1,0
RRGAYGGGYGGYDDYGGYNDGYGFGSDR,1,0
RGAYGGGYGGYDDYGGYNDGYGFGSDR,2,0
ADVLDLHEAGGEDFAMDEDGDESIHKLK,1,0
NIHLNLDRR,3,0
THIDVIHYR,3,1
RYVEPPEMIGPMRPEQFSDEVEPATPEEGEPATQR,1,0
LTHYHEGLPTTWGTR,3,0
QLTVQMMQNPQILAALQER,1,7
MLHDNRNEPTQPR,2,0
PQTVILPGPAPWGFR,1,1
PGFGVGRGLAPR,1,0
CGAIAEQTPILLLFLLR,2,0
HALLEADVAAHQDRIDGITIQAR,2,0
AAPAPGLISVFSSSQELGAALAQLVAQR,1,0
WASEPEHDHR,2,1
LDPHNHVLYSNR,1,1
PHNHVLYSNR,1,0
NRPAIARGAAGGGGR,1,0
NRGAGGFGGGGGTR,2,0
YAHQSGFHVDR,1,0
HEMPPHIYAITDTAYR,1,0
RRFSFCCSPEPEAEAEAAAGPGPCER,1,0
RNMVHPNVICDGCNGPVVGTR,1,0
DHRPPCAQEAPR,1,0
HLDHVAALFPGDVDR,3,1
THNDIIHNENMR,1,3
HDNFPHNQR,1,0
EHMQPTHPIR,8,0
EHMQPTHPIR,2,0
YVATLGVEVHPLVFHTNR,2,0
NHPLHIR,1,0
HHGPQTLYLPVTLSSIPVFQR,3,0
RHLQLAIR,1,0
CVDLVIQELINTVR,1,0
GHVLLHR,1,0
FGGEHVPNSPFQVTALAGDQPSVQPPLR,1,2
IQVWHEEHR,2,0
HLETFEHPNVVR,2,1
HTQFWR,2,0
VYTDVNTHRPR,1,2
RDPNNYRPR,1,0
FGGEHIPNSPFHVLACDPLPHEEEPSEVPQLR,2,0
FGGEHIPNSPFHVLACDPLPHEEEPSEVPQLR,1,0
CTYRPAMEGPHTVHVAFAGAPITR,1,0
HFYWYLTNEGIQYLR,1,1
MDVFLMIR,1,0
NITLNFGPQHPAAHGVLR,2,0
YSHDFNFHINYGDLGFLGPEDLR,1,2
LHEDHLER,1,2
SYRGGGGGGGGWR,1,0
HEERQDEHGYISR,4,0
DRHDDYYR,1,4
RTPMCAHCNQVIR,2,0
SGDAAIVEMVPGKPMCVESFSQYPPLGR,1,0
TLSYLLPAIVHINHQPFLER,2,0
ASHTAPQVLFSHR,1,0
YLRDPAVHPR,1,0
TGRGGGGGGGGGAPR,1,0
LAQHITYVHQHSR,1,0
HDGYGSHGPLLPLPSR,1,0
IQNWHEEHR,3,0
TLAYLLPAIVHINHQPYLER,1,0
SGDAAIVDMVPSKPMCVESFSDYPPLGR,2,3
HHPDLIFCR,2,0
HELLLGAGSGPGAGQQQATPGALLQAGPPR,2,0
SGDAAIVDMVPGKPMCAESFSDYPPLGR,2,13
FLKSGDAAIVDMVPGKPMCAESFSDYPPLGR,2,0
FLKSGDAAIVDMVPGKPMCAESFSDYPPLGR,1,0
SGDAAIVDMVPGKPMCAESFSDYPPLGR,1,13
FGGPVHHQAQR,4,0
NEVLMVNIGSLSTGGR,1,0
AAADGDDSLYPIAVLIDELR,2,0
AAADGDDSLYPIAVLIDELR,1,0
AEVQVLVLDGR,1,0
HMLPSGFR,1,1
NYHAWQHR,1,0
YIHSANVLHR,1,0
TGPLPPGPPPEIVIYQELR,2,0
HRPQLLVER,1,0
FHHTIGGSR,6,0
RYVQPPEVIGPMRPEQFSDEVEPATPEEGEPATQR,1,0
YVQPPEVIGPMRPEQFSDEVEPATPEEGEPATQR,1,1
YVQPPEVIGPMRPEQFSDEVEPATPEEGEPATQR,1,1
RYVQPPEVIGPMRPEQFSDEVEPATPEEGEPATQR,1,0
RRYVQPPEVIGPMRPEQFSDEVEPATPEEGEPATQR,1,0
TGPNLHGLFGR,1,2
WQHWHEECER,2,0
HLTHENVQR,2,0
VAELLLLHGAEPNCADPATLTRPVHDAAR,1,0
VAELLLLHGAEPNCADPATLTRPVHDAAR,1,0
PFVPNVHAAEFVPSFLR,1,0
HLEFSHDQYR,3,0
IIRGFCHLCDGQEACCVGLEAGINPTDHLITAYR,1,0
TFLVWVNEEDHLR,1,5
LDRETEELHHDR,1,0
YRPGTVALR,1,3
NTHSSTFDAGAAIVLKDHSVKLISWYDNEFGYSNR,1,0
HGLLVPNNTTDQELQHIR,1,6
HHYEQQQEDLAR,2,0
GQFLLPLTQEACCVGLEAGINPTDHLITAYR,1,0
NNSNDIVNAIMELTM,1,1
HLAVMPHPER,4,0
HIISPNPHVR,2,0
HHLGAATPENPEIELLR,4,0
HMGLFDHAAR,3,0
AELTALESLIEMGFPR,1,0
GHYAYDCHR,1,0
HLRDEGLR,4,0
NRPADHFEAR,1,0
HYQIHR,1,0
HDLGHFMLR,1,0
HEHQLMLMR,1,0
HEHQLMLMR,1,0
HHNQPYCGIAPYIR,2,0
TQFLPPNLLALFAPR,1,0
GHQQLYWSHPR,1,0
PASGPIRPIVR,1,0
TDPSVRPMHER,2,0
HFNAPSHIR,2,0
TTNAGPLHPYWPQHLR,3,0
HHLQPENPGPGGAAPSLEQNR,4,0
VHTVVDRPQQPMTHR,2,0
HTGPGILSMANAGPNANGSQFFMCPAKTK,1,0
KMSAQPTVSLGGFEITPPVVLR,1,0
EMHVGHLR,2,0
HRAEAPPLER,1,0
NQLNPIGSLQELAIHHGWR,3,0
HHTAAFEER,2,0
KMGQAVPAPTGAPPGGQPDYSAAWAEYYR,1,0
ILHQHLGAPEER,2,0
HLLGAEHGDEPR,1,0
SAIQANDHHPR,1,4
NRPPFGQGYTQPGPGYR,1,0
HVLFGTVGVPEHTYR,4,0
VQHRPSGLIMAR,1,0
LGPLGAPGEDGRPGPPGSIGIR,1,0
TFSGQTHGFVHR,2,0
HTQRPGEPEEGAR,2,0
HHLNNPPPSQVGLTR,2,0
WHLVYR,1,0
KLRTKVENGEGTIPVESSDIVPTWDGIR,1,0
SIIKQQVEAAETIKEETDGLHEELEFIR,1,0
LHHQNQQQIQQQQQQLQR,1,0
TQEHFTHNTVR,1,0
SRGGYGGDRGGGSGYGGDR,1,0
TPSVSAPLALSCPR,1,0
IHQGEHFR,2,0
NISHVHTMDFSPR,1,0
HIHITQATETTTTR,1,0
AELSEEALLSVLPTIR,1,0
HFRPELEER,1,0
HRNEVTVELR,1,0
NTPSQHSHSIQHSPER,1,0
PILTIITLEDSSGNLLGR,1,0
HLDAHTAAHSQSPR,5,0
HLADHGQLSGIQR,1,0
HGIPMSHVAR,1,0
SHHAPMSPGSSGGGGQPLAR,1,0
NIHAAAHQVR,3,0
QVVMAVLEALTGVLR,1,0
SHHAASTTTAPTPAAR,1,0
LPVHGPELPGVQRHHEEGGAFEQQAAGAVLDLMGDEAQNLTR,1,0
RLALEELVAGGPEAFAAFLR,1,0
AGILAWFWNER,2,0
NALWHTGHTPDQVR,1,0
HLEHECPER,2,0
CIAAYRPSETLCGGELVDTLQFVCGDRG,1,0
EHRPGPIGNER,1,0
DLSRVFNGLVLTNPERFQTVAQMVRVWR,2,0
ADSALVLHFDDHDPAVIHENASQPEVLVPIR,1,0
RHVMTRLGEKLSDEEVDEMIR,1,0
SHVAGQMLHGGGSR,1,0
QLSHLQQHTR,1,0
VKSILLTGMGSGTGGGLSHTLQFGQLCDCNECEKR,1,0
KMWKLKQQECPECDVLSLGTYSASR,1,0
HHCAAITPGR,2,0
LNCAFHHNR,1,0
QQQQQQQQQQQQRRR,1,0
HVVQPGYPAHR,1,0
RVEGALNLLHSFR,1,0
LSLTSVGVAIDPMLDNLVPQTR,1,0
CVHPSIGPPITPR,1,0
CGHSPVYHSR,1,0
HLHEIQSGR,1,0
QYPALDTEVASGHQGLENGVTASGDVCLEALR,1,0
SISSSASPLTLER,1,0
LNPNCFVAITMNPGYAGR,1,0
